id,pagerank
4037,32.84294411698259
15,26.124250935302285
6634,25.32475840149675
2625,23.143419134686606
2398,18.458414261565842
